{
    "final_balance": 106370.65424630737,
    "final_holdings": 0,
    "final_value": 106370.65424630737,
    "profit": 0.0,
    "profit_rate": 0.0,
    "trades": []
}