{
    "final_balance": 18997.755491107368,
    "final_holdings": 16000,
    "final_value": 106370.65424630737,
    "profit": -3087.6233727999934,
    "profit_rate": -2.820822179885104,
    "trades": [
        [
            "2023-05-06",
            "buy",
            5.653782633,
            16000
        ]
    ]
}