{
    "final_balance": 210487.1889027,
    "final_holdings": 0,
    "profit": 10487.1889027,
    "profit_rate": 5.24359445135,
    "trades": [
        [
            "buy",
            20.0750602881,
            500
        ],
        [
            "sell",
            20.3984840422,
            500
        ],
        [
            "buy",
            18.6342825772,
            500
        ],
        [
            "sell",
            18.9094764655,
            500
        ],
        [
            "buy",
            17.3796992445,
            500
        ],
        [
            "buy",
            15.6561010637,
            1000
        ],
        [
            "buy",
            15.1967077933,
            2000
        ],
        [
            "buy",
            14.4865722038,
            4000
        ],
        [
            "sell",
            14.759472549,
            500
        ],
        [
            "sell",
            15.3082536579,
            1000
        ],
        [
            "sell",
            16.0730422632,
            2000
        ],
        [
            "sell",
            16.6352311781,
            4000
        ],
        [
            "buy",
            16.2700281466,
            500
        ],
        [
            "sell",
            16.6196504377,
            500
        ],
        [
            "buy",
            15.9868427933,
            500
        ],
        [
            "sell",
            17.9704579376,
            500
        ],
        [
            "buy",
            17.739165637,
            500
        ],
        [
            "sell",
            18.4030001977,
            500
        ]
    ]
}